Name,Created,Created By,Last Edited Time,Type
Kotlinx - 14. Anko 확장 활용,2021년 1월 14일 오후 4:32,HAE JEONG YU,2022년 10월 26일 오후 10:34,"Kotlin, android"
Kotlin - 13. 코틀린 안드로이드 확장,2021년 1월 13일 오후 5:26,HAE JEONG YU,2022년 10월 26일 오후 10:34,"Kotlin, android"
Kotlin - 12. 안드로이드 앱 개발과 코틀린,2021년 1월 12일 오전 11:24,HAE JEONG YU,2022년 10월 26일 오후 10:34,"Kotlin, android"
Kotlin - 11. 코루틴과 동시성 프로그래밍,2021년 1월 11일 오후 4:15,HAE JEONG YU,2022년 10월 26일 오후 10:34,Kotlin
Kotlin - 10. 표준 함수와 파일 입출력,2021년 1월 11일 오전 10:24,HAE JEONG YU,2022년 10월 26일 오후 10:34,Kotlin
Kotlin - 09. 컬렉션,2021년 1월 9일 오후 4:49,HAE JEONG YU,2022년 10월 26일 오후 10:34,Kotlin
Kotlin - 08. 제네릭과 배열,2021년 1월 8일 오후 4:19,HAE JEONG YU,2022년 10월 26일 오후 10:34,Kotlin
"Kotlin - 07. 다양한 클래스와 인터페이스 ",2021년 1월 7일 오후 7:41,HAE JEONG YU,2022년 10월 26일 오후 10:34,Kotlin
"Kotlin - 06. 프로퍼티와 초기화 ",2021년 1월 6일 오후 7:37,HAE JEONG YU,2022년 10월 26일 오후 10:34,Kotlin
Kotlin - 05. 클래스와 객체,2021년 1월 5일 오후 9:25,HAE JEONG YU,2022년 10월 26일 오후 10:34,Kotlin
Kotlin - 04. 프로그램 흐름제어,2021년 1월 5일 오후 7:30,HAE JEONG YU,2022년 10월 26일 오후 10:34,Kotlin
Kotlin - 03. 함수와 함수형 프로그래밍,2021년 1월 4일 오후 9:45,HAE JEONG YU,2022년 10월 26일 오후 10:34,Kotlin
"Kotlin - 02. 변수와 자료형, 연산자",2021년 1월 4일 오후 9:09,HAE JEONG YU,2022년 10월 26일 오후 10:34,Kotlin
Kotlin - 01. 코틀린 시작하기,2021년 1월 4일 오후 8:57,HAE JEONG YU,2022년 10월 26일 오후 10:34,Kotlin